-- =============================================
-- 景点数据初始化
-- =============================================
INSERT IGNORE INTO attractions (id, name, city, type, rating, price, open_time, description, created_at) VALUES
(1, '故宫博物院', '北京', 'culture', 4.9, 60.0, '08:30-17:00', '中国明清两代的皇家宫殿，世界上现存规模最大、保存最为完整的木质结构古建筑群之一。', NOW()),
(2, '长城（八达岭）', '北京', 'culture', 4.8, 40.0, '07:30-17:30', '世界七大奇迹之一，中国古代的军事防御工程，不到长城非好汉。', NOW()),
(3, '西湖', '杭州', 'nature', 4.8, 0.0, '全天开放', '中国著名的风景名胜区，以秀丽的湖光山色和众多的名胜古迹闻名中外。', NOW()),
(4, '九寨沟', '阿坝', 'nature', 4.9, 169.0, '08:00-17:00', '世界自然遗产，以翠海、叠瀑、彩林、雪峰著称，被誉为人间仙境。', NOW()),
(5, '兵马俑', '西安', 'culture', 4.8, 120.0, '08:30-17:00', '世界第八大奇迹，秦始皇陵的陪葬坑，展现古代军队宏大场面。', NOW()),
(6, '张家界国家森林公园', '张家界', 'nature', 4.7, 245.0, '07:00-18:00', '奇峰三千、秀水八百，是《阿凡达》取景地，世界地质公园。', NOW()),
(7, '布达拉宫', '拉萨', 'culture', 4.9, 200.0, '09:00-15:00', '世界海拔最高的宫殿建筑群，藏传佛教圣地，雄伟壮观。', NOW()),
(8, '黄山', '黄山市', 'nature', 4.8, 190.0, '06:00-17:00', '以奇松、怪石、云海、温泉四绝著称，被誉为天下第一奇山。', NOW()),
(9, '丽江古城', '丽江', 'culture', 4.7, 0.0, '全天开放', '世界文化遗产，保存完好的纳西族古镇，古朴的建筑风格令人陶醉。', NOW()),
(10, '鼓浪屿', '厦门', 'culture', 4.6, 0.0, '全天开放', '海上花园，无车岛屿，遍布欧式建筑，是音乐之岛、钢琴之乡。', NOW()),
(11, '三亚亚龙湾', '三亚', 'nature', 4.7, 0.0, '全天开放', '中国最南端的热带海湾，海水清澈见底，是潜水胜地。', NOW()),
(12, '峨眉山', '峨眉山市', 'nature', 4.7, 185.0, '07:00-17:00', '中国四大佛教名山之一，世界自然与文化双遗产，金顶云海壮观。', NOW());

-- 景点图片
INSERT IGNORE INTO attraction_images (attraction_id, image_url) VALUES
(1, 'https://images.unsplash.com/photo-1584464491033-06628f3a6b7b?w=800'),
(2, 'https://images.unsplash.com/photo-1508804185872-d7badad00f7d?w=800'),
(3, 'https://images.unsplash.com/photo-1548919973-5cef591cdbc9?w=800'),
(4, 'https://images.unsplash.com/photo-1573790387438-4da905039392?w=800'),
(5, 'https://images.unsplash.com/photo-1591703823951-de4d7a8fcf27?w=800'),
(6, 'https://images.unsplash.com/photo-1537531462963-dac40f58df97?w=800'),
(7, 'https://images.unsplash.com/photo-1517746688-07f24378d68a?w=800'),
(8, 'https://images.unsplash.com/photo-1576021185851-c3c5f8d1d516?w=800'),
(9, 'https://images.unsplash.com/photo-1555658636-6e4a36218be7?w=800'),
(10, 'https://images.unsplash.com/photo-1570641963303-92ce4845ed4c?w=800'),
(11, 'https://images.unsplash.com/photo-1507525428034-b723cf961d3e?w=800'),
(12, 'https://images.unsplash.com/photo-1601918774946-25832a4be0d6?w=800');

-- 景点标签
INSERT IGNORE INTO attraction_tags (attraction_id, tag) VALUES
(1, '世界遗产'), (1, '历史文化'), (1, '必游景点'),
(2, '世界奇迹'), (2, '历史文化'), (2, '徒步'),
(3, '免费景点'), (3, '自然风光'), (3, '摄影'),
(4, '自然风光'), (4, '世界遗产'), (4, '摄影天堂'),
(5, '世界遗产'), (5, '历史文化'), (5, '必游景点'),
(6, '自然风光'), (6, '徒步'), (6, '摄影'),
(7, '宗教圣地'), (7, '世界遗产'), (7, '藏族文化'),
(8, '自然风光'), (8, '摄影'), (8, '徒步'),
(9, '古城民居'), (9, '世界遗产'), (9, '文艺小资'),
(10, '海岛'), (10, '文艺'), (10, '音乐'),
(11, '海滩'), (11, '潜水'), (11, '度假'),
(12, '佛教名山'), (12, '自然风光'), (12, '世界遗产');


-- =============================================
-- 餐厅数据初始化
-- =============================================
INSERT IGNORE INTO restaurants (id, name, cuisine, city, rating, price_level, address, open_hours, created_at) VALUES
(1, '大董烤鸭店（王府井店）', '北京菜', '北京', 4.8, 3, '北京市东城区王府井大街138号', '11:00-22:00', NOW()),
(2, '全聚德（前门店）', '北京菜', '北京', 4.7, 3, '北京市东城区前门大街30号', '10:30-21:30', NOW()),
(3, '老成都公馆菜', '川菜', '成都', 4.8, 2, '成都市锦江区东大街14号', '11:00-21:30', NOW()),
(4, '陶陶居（广州总店）', '粤菜', '广州', 4.7, 3, '广州市荔湾区第十甫路20号', '07:00-22:00', NOW()),
(5, '外婆家（西湖店）', '杭帮菜', '杭州', 4.6, 2, '杭州市西湖区南山路52号', '11:00-21:30', NOW()),
(6, '鼎泰丰（上海新天地店）', '台湾菜', '上海', 4.8, 3, '上海市黄浦区马当路181号', '11:00-21:30', NOW()),
(7, '海底捞（三里屯店）', '火锅', '北京', 4.7, 2, '北京市朝阳区工体北路8号', '10:00-次日06:00', NOW()),
(8, '小龙坎老火锅（春熙路店）', '川菜', '成都', 4.6, 2, '成都市锦江区春熙路步行街', '11:00-23:00', NOW()),
(9, '净雅大酒店（济南店）', '鲁菜', '济南', 4.5, 3, '济南市历下区经十路16688号', '11:00-21:00', NOW()),
(10, '顺峰海鲜酒家', '粤菜', '深圳', 4.6, 3, '深圳市南山区南海大道1号', '10:30-22:00', NOW()),
(11, '西贝莜面村（王府井店）', '西北菜', '北京', 4.5, 2, '北京市东城区王府井大街138号', '10:00-22:00', NOW()),
(12, '云海肴（西单店）', '云南菜', '北京', 4.6, 2, '北京市西城区西单北大街120号', '10:30-22:00', NOW());

-- 餐厅图片
INSERT IGNORE INTO restaurant_images (restaurant_id, image_url) VALUES
(1, 'https://images.unsplash.com/photo-1414235077428-338989a2e8c0?w=800'),
(2, 'https://images.unsplash.com/photo-1504674900247-0877df9cc836?w=800'),
(3, 'https://images.unsplash.com/photo-1555396273-367ea4eb4db5?w=800'),
(4, 'https://images.unsplash.com/photo-1517248135467-4c7edcad34c4?w=800'),
(5, 'https://images.unsplash.com/photo-1559339352-11d035aa65de?w=800'),
(6, 'https://images.unsplash.com/photo-1571091718767-18b5b1457add?w=800'),
(7, 'https://images.unsplash.com/photo-1544025162-d76694265947?w=800'),
(8, 'https://images.unsplash.com/photo-1534482421-64566f976cfa?w=800'),
(9, 'https://images.unsplash.com/photo-1551218808-94e220e084d2?w=800'),
(10, 'https://images.unsplash.com/photo-1559847844-5315695dadae?w=800'),
(11, 'https://images.unsplash.com/photo-1482049016688-2d3e1b311543?w=800'),
(12, 'https://images.unsplash.com/photo-1565299624946-b28f40a0ae38?w=800');

-- 餐厅特色菜
INSERT IGNORE INTO restaurant_specialties (restaurant_id, specialty) VALUES
(1, '北京烤鸭'), (1, '挂炉鸭'), (1, '鸭架汤'),
(2, '全聚德烤鸭'), (2, '烤鸭卷饼'), (2, '鸭肝'),
(3, '夫妻肺片'), (3, '麻婆豆腐'), (3, '回锅肉'),
(4, '虾饺'), (4, '叉烧包'), (4, '蛋挞'),
(5, '西湖醋鱼'), (5, '东坡肉'), (5, '龙井虾仁'),
(6, '小笼包'), (6, '炒饭'), (6, '红油抄手'),
(7, '毛肚'), (7, '虾滑'), (7, '手工面'),
(8, '麻辣牛肉'), (8, '鸭血'), (8, '毛肚'),
(9, '糖醋鲤鱼'), (9, '九转大肠'), (9, '把子肉'),
(10, '清蒸石斑鱼'), (10, '白灼虾'), (10, '蒸扇贝'),
(11, '莜面窝窝'), (11, '手抓羊肉'), (11, '牛大骨'),
(12, '野生菌汤锅'), (12, '过桥米线'), (12, '汽锅鸡');


-- =============================================
-- 商品数据初始化
-- =============================================
INSERT IGNORE INTO products (id, name, category, price, original_price, image, description, stock, sales, created_at) VALUES
(1, '云南普洱茶饼 357g 古树纯料', 'food', 168.0, 268.0, 'https://images.unsplash.com/photo-1544787219-7f47ccb76574?w=800', '云南古树普洱茶，口感醇厚，越陈越香，收藏佳品。', 500, 2580, NOW()),
(2, '景德镇手绘青花瓷茶具套装', 'craft', 299.0, 499.0, 'https://images.unsplash.com/photo-1563685860907-e6e0a4a0d31d?w=800', '景德镇传统工艺，手工绘制，一壶四杯，精美礼盒包装。', 200, 1520, NOW()),
(3, '西藏牦牛肉干 500g', 'food', 88.0, NULL, 'https://images.unsplash.com/photo-1618160702438-9b02ab6515c9?w=800', '高原特产，纯天然牦牛肉制作，营养丰富，口感劲道。', 800, 3200, NOW()),
(4, '苏州丝绸真丝围巾', 'fashion', 158.0, 258.0, 'https://images.unsplash.com/photo-1601924994987-69e26d50dc26?w=800', '100%桑蚕丝，苏州传统织造工艺，轻盈柔滑，多色可选。', 300, 980, NOW()),
(5, '新疆和田大枣 500g', 'food', 68.0, NULL, 'https://images.unsplash.com/photo-1514593214839-8c2a0-5e3f?w=800', '新疆特产，颗粒饱满，香甜可口，天然无添加。', 1000, 5600, NOW()),
(6, '四川麻辣火锅底料 500g', 'food', 38.0, NULL, 'https://images.unsplash.com/photo-1551504734-5ee1c4a1479b?w=800', '正宗川味底料，麻辣鲜香，家庭装火锅必备。', 2000, 8900, NOW()),
(7, '杭州西湖龙井茶 250g 明前', 'food', 288.0, NULL, 'https://images.unsplash.com/photo-1556679343-c7306c1976bc?w=800', '明前龙井，清香甘醇，色泽翠绿，茶中极品。', 150, 650, NOW()),
(8, '北京稻香村糕点礼盒 1kg', 'food', 128.0, 168.0, 'https://images.unsplash.com/photo-1558961363-fa8fdf82db35?w=800', '老字号百年品牌，京式糕点礼盒，传统手工制作。', 300, 1200, NOW()),
(9, '内蒙古奶酪条 250g', 'food', 45.0, NULL, 'https://images.unsplash.com/photo-1452195100486-9cc805987862?w=800', '纯正奶香，内蒙古牧区出产，营养健康零食。', 600, 3400, NOW()),
(10, '西安兵马俑陶瓷摆件 小号', 'craft', 89.0, 120.0, 'https://images.unsplash.com/photo-1531403009284-440f080d1e12?w=800', '仿古工艺品，高仿真陶瓷兵马俑，历史文化纪念品。', 400, 760, NOW()),
(11, '贵州茅台镇酱香白酒 500ml', 'food', 199.0, 299.0, 'https://images.unsplash.com/photo-1569529465841-dfecdab7503b?w=800', '酱香浓郁，回味悠长，纯粮酿造，收藏佳品。', 500, 2100, NOW()),
(12, '苗族手工刺绣挎包', 'craft', 268.0, NULL, 'https://images.unsplash.com/photo-1548036328-c9fa89d128fa?w=800', '苗族传统手工刺绣，纯手工制作，色彩鲜艳，独一无二。', 80, 320, NOW()),
(13, '广西螺蛳粉 300g*5包', 'food', 58.0, 78.0, 'https://images.unsplash.com/photo-1569050467447-ce54b3bbc37d?w=800', '正宗柳州螺蛳粉，酸辣鲜香，网红美食，速食方便。', 3000, 15600, NOW()),
(14, '云南鲜花饼礼盒 12枚', 'food', 78.0, 98.0, 'https://images.unsplash.com/photo-1558961363-fa8fdf82db35?w=800', '玫瑰花馅，酥皮饼，云南特产，花香怡人，精美礼盒。', 800, 4200, NOW()),
(15, '景泰蓝珐琅彩手镯', 'craft', 388.0, 580.0, 'https://images.unsplash.com/photo-1515562141207-7a88fb7ce338?w=800', '北京传统工艺，手工珐琅彩，精美大气，送礼佳品。', 60, 180, NOW());

-- 商品标签
INSERT IGNORE INTO product_tags (product_id, tag) VALUES
(1, '特产'), (1, '茶叶'), (1, '云南'),
(2, '工艺品'), (2, '茶具'), (2, '景德镇'),
(3, '特产'), (3, '零食'), (3, '西藏'),
(4, '丝绸'), (4, '围巾'), (4, '苏州'),
(5, '特产'), (5, '干果'), (5, '新疆'),
(6, '特产'), (6, '调料'), (6, '四川'),
(7, '茶叶'), (7, '特产'), (7, '杭州'),
(8, '特产'), (8, '糕点'), (8, '北京'),
(9, '特产'), (9, '零食'), (9, '内蒙古'),
(10, '工艺品'), (10, '纪念品'), (10, '西安'),
(11, '白酒'), (11, '特产'), (11, '贵州'),
(12, '工艺品'), (12, '手工'), (12, '苗族'),
(13, '特产'), (13, '速食'), (13, '广西'),
(14, '特产'), (14, '糕点'), (14, '云南'),
(15, '工艺品'), (15, '首饰'), (15, '北京');